{"cameraMode":{"drawMode":0,"name":"Shaded","section":"Shading Mode"},"sceneLighting":false,"audioPlay":false,"sceneViewState":{"showFog":true,"showMaterialUpdate":false,"showSkybox":false,"showFlares":true,"showImageEffects":true,"showParticleSystems":true},"in2DMode":false,"pivot":{"x":1072.85009765625,"y":401.70001220703127,"z":-520.0999755859375},"rotation":{"x":0.30857205390930178,"y":0.11920101940631867,"z":-0.03891754522919655,"w":0.943067729473114},"size":2.314995288848877,"orthographic":false}