{"cameraMode":{"drawMode":0,"name":"Shaded","section":"Shading Mode"},"sceneLighting":true,"audioPlay":false,"sceneViewState":{"showFog":true,"showMaterialUpdate":false,"showSkybox":true,"showFlares":true,"showImageEffects":true,"showParticleSystems":true},"in2DMode":false,"pivot":{"x":4.011964797973633,"y":5.409670829772949,"z":-5.53319787979126},"rotation":{"x":0.1366865485906601,"y":0.7770705819129944,"z":-0.18154682219028474,"w":0.5872562527656555},"size":3.5626187324523927,"orthographic":false}