{"cameraMode":{"drawMode":0,"name":"Shaded","section":"Shading Mode"},"sceneLighting":true,"audioPlay":false,"sceneViewState":{"showFog":true,"showMaterialUpdate":false,"showSkybox":true,"showFlares":true,"showImageEffects":true,"showParticleSystems":true},"in2DMode":false,"pivot":{"x":1053.4632568359375,"y":317.8515625,"z":-480.2484130859375},"rotation":{"x":0.006784513592720032,"y":-0.9443809390068054,"z":0.32855820655822756,"w":0.019586676731705667},"size":12.159711837768555,"orthographic":false}