{"cameraMode":{"drawMode":0,"name":"Shaded","section":"Shading Mode"},"sceneLighting":true,"audioPlay":false,"sceneViewState":{"showFog":true,"showMaterialUpdate":false,"showSkybox":true,"showFlares":true,"showImageEffects":true,"showParticleSystems":true},"in2DMode":false,"pivot":{"x":1063.80419921875,"y":167.7384490966797,"z":-485.2337951660156},"rotation":{"x":-0.021862125024199487,"y":-0.9756671190261841,"z":-0.11436708271503449,"w":0.18635320663452149},"size":304.6777648925781,"orthographic":false}