{"cameraMode":{"drawMode":0,"name":"Shaded","section":"Shading Mode"},"sceneLighting":true,"audioPlay":false,"sceneViewState":{"showFog":true,"showMaterialUpdate":false,"showSkybox":true,"showFlares":true,"showImageEffects":true,"showParticleSystems":true},"in2DMode":false,"pivot":{"x":3.35421085357666,"y":2.279078960418701,"z":-10.289433479309082},"rotation":{"x":0.3715166747570038,"y":0.025047186762094499,"z":-0.010234642773866654,"w":0.9282534122467041},"size":9.766877174377442,"orthographic":false}