{"cameraMode":{"drawMode":0,"name":"Shaded","section":"Shading Mode"},"sceneLighting":false,"audioPlay":false,"sceneViewState":{"showFog":true,"showMaterialUpdate":false,"showSkybox":false,"showFlares":true,"showImageEffects":true,"showParticleSystems":true},"in2DMode":false,"pivot":{"x":10.752704620361329,"y":3.5141777992248537,"z":-12.277610778808594},"rotation":{"x":0.11102495342493057,"y":0.09965535998344422,"z":-0.011432463303208352,"w":0.9887492060661316},"size":11.918142318725586,"orthographic":false}