{"cameraMode":{"drawMode":0,"name":"Shaded","section":"Shading Mode"},"sceneLighting":true,"audioPlay":false,"sceneViewState":{"showFog":true,"showMaterialUpdate":false,"showSkybox":true,"showFlares":true,"showImageEffects":true,"showParticleSystems":true},"in2DMode":false,"pivot":{"x":1005.603271484375,"y":148.66311645507813,"z":-533.6929321289063},"rotation":{"x":-0.002475855639204383,"y":0.9860991835594177,"z":-0.1660349816083908,"w":-0.014790154993534089},"size":837.68603515625,"orthographic":false}