{"cameraMode":{"drawMode":0,"name":"Shaded","section":"Shading Mode"},"sceneLighting":true,"audioPlay":false,"sceneViewState":{"showFog":true,"showMaterialUpdate":false,"showSkybox":true,"showFlares":true,"showImageEffects":true,"showParticleSystems":true},"in2DMode":false,"pivot":{"x":996.6162719726563,"y":273.90911865234377,"z":-434.954345703125},"rotation":{"x":-0.13045687973499299,"y":0.7220627069473267,"z":-0.1417129933834076,"w":-0.6646137237548828},"size":419.03619384765627,"orthographic":false}