{"cameraMode":{"drawMode":0,"name":"Shaded","section":"Shading Mode"},"sceneLighting":true,"audioPlay":false,"sceneViewState":{"showFog":true,"showMaterialUpdate":false,"showSkybox":true,"showFlares":true,"showImageEffects":true,"showParticleSystems":true},"in2DMode":false,"pivot":{"x":2.6930646896362306,"y":2.299715042114258,"z":0.6283352375030518},"rotation":{"x":-0.55246901512146,"y":-0.0007548034191131592,"z":0.0004979962832294405,"w":-0.8335599899291992},"size":9.369497299194336,"orthographic":false}