{"cameraMode":{"drawMode":0,"name":"Shaded","section":"Shading Mode"},"sceneLighting":true,"audioPlay":false,"sceneViewState":{"showFog":true,"showMaterialUpdate":false,"showSkybox":true,"showFlares":true,"showImageEffects":true,"showParticleSystems":true},"in2DMode":false,"pivot":{"x":11.100983619689942,"y":10.695602416992188,"z":-1.5644121170043946},"rotation":{"x":-0.3216913342475891,"y":0.08281717449426651,"z":-0.028199682012200357,"w":-0.942824125289917},"size":12.701925277709961,"orthographic":false}