{"cameraMode":{"drawMode":0,"name":"Shaded","section":"Shading Mode"},"sceneLighting":false,"audioPlay":false,"sceneViewState":{"showFog":true,"showMaterialUpdate":false,"showSkybox":true,"showFlares":true,"showImageEffects":true,"showParticleSystems":true},"in2DMode":false,"pivot":{"x":536.425048828125,"y":200.85000610351563,"z":-260.04998779296877},"rotation":{"x":-0.5698280334472656,"y":-0.006901395507156849,"z":0.004794488660991192,"w":-0.8217396140098572},"size":2078.51953125,"orthographic":false}