{"cameraMode":{"drawMode":0,"name":"Shaded","section":"Shading Mode"},"sceneLighting":false,"audioPlay":false,"sceneViewState":{"showFog":true,"showMaterialUpdate":false,"showSkybox":true,"showFlares":true,"showImageEffects":true,"showParticleSystems":true},"in2DMode":false,"pivot":{"x":4.170000076293945,"y":11.919604301452637,"z":-12.979999542236329},"rotation":{"x":-0.13635194301605225,"y":-0.02168387919664383,"z":0.0031208847649395468,"w":-0.9904561638832092},"size":2.977402687072754,"orthographic":false}