{"cameraMode":{"drawMode":0,"name":"Shaded","section":"Shading Mode"},"sceneLighting":false,"audioPlay":false,"sceneViewState":{"showFog":true,"showMaterialUpdate":false,"showSkybox":true,"showFlares":true,"showImageEffects":true,"showParticleSystems":true},"in2DMode":false,"pivot":{"x":1.8509998321533204,"y":2.132499933242798,"z":-2.3289999961853029},"rotation":{"x":-0.35374489426612856,"y":-0.12093405425548554,"z":0.04667304456233978,"w":-0.926432728767395},"size":14.926982879638672,"orthographic":false}